﻿{"cameraMode":{"drawMode":0,"name":"Shaded","section":"Shading Mode"},"sceneLighting":true,"audioPlay":false,"sceneViewState":{"showFog":true,"showMaterialUpdate":false,"showSkybox":true,"showFlares":true,"showImageEffects":true,"showParticleSystems":true},"in2DMode":false,"pivot":{"x":529.7069702148438,"y":309.10992431640627,"z":36.73779296875},"rotation":{"x":-0.022798815742135049,"y":0.02758646383881569,"z":-0.0006292363395914435,"w":-0.9993604421615601},"size":1838.5943603515625,"orthographic":false}